total_personas,total_vulnerable,n_models,n_providers,gender_chi2,gender_p,age_t,age_p,age_cohens_d
855,285,13,5,130.33854403744687,1.0907536369993075e-25,-7.224748757103809,2.139460327729085e-12,-0.5468702685463437
